variable,mean,median,std,q1,q3
Person,39.5,39.5,22.66053838724932,20.25,58.75
gender,0.4230769230769231,0.0,0.4972451580988469,0.0,1.0
Age,39.15384615384615,39.0,9.81527688553208,32.25,46.75
Height,170.82051282051282,169.5,11.276620555918832,164.25,174.75
pre.weight,72.52564102564102,72.0,8.723344347022913,66.0,78.0
Diet,2.0384615384615383,2.0,0.8129201441957019,1.0,3.0
weight6weeks,68.68076923076923,68.95,8.924503808714983,61.849999999999994,73.825
